From;To;Type;Through;start_x;start_y;stop_x;stop_y;adjacency_rule_name;Comment

5673;9498;impassable;-1;-1;-1;-1;-1;;Ötztal & Stubai Alps 1
5673;8951;impassable;-1;-1;-1;-1;-1;;Ötztal & Stubai Alps 2
15055;8951;impassable;-1;-1;-1;-1;-1;;Ötztal & Stubai Alps 3
15055;15118;impassable;-1;-1;-1;-1;-1;;Ötztal & Stubai Alps 4
15033;15118;impassable;-1;-1;-1;-1;-1;;Ötztal & Stubai Alps 5
15033;6813;impassable;-1;-1;-1;-1;-1;;Ötztal & Stubai Alps 6
15033;9914;impassable;-1;-1;-1;-1;-1;;Ötztal & Stubai Alps 7
15033;3701;impassable;-1;-1;-1;-1;-1;;Ötztal & Stubai Alps 8
6864;3701;impassable;-1;-1;-1;-1;-1;;Ötztal & Stubai Alps 9
6864;2980;impassable;-1;-1;-1;-1;-1;;Ötztal & Stubai Alps 10
8096;2980;impassable;-1;-1;-1;-1;-1;;Northern Limestone Alps 1
8096;4888;impassable;-1;-1;-1;-1;-1;;Northern Limestone Alps 2
14973;4888;impassable;-1;-1;-1;-1;-1;;Northern Limestone Alps 3
14973;6959;impassable;-1;-1;-1;-1;-1;;Northern Limestone Alps 4
14973;11230;impassable;-1;-1;-1;-1;-1;;Northern Limestone Alps 5
7163;11230;impassable;-1;-1;-1;-1;-1;;Northern Limestone Alps 6
7163;10684;impassable;-1;-1;-1;-1;-1;;Northern Limestone Alps 7
2958;10684;impassable;-1;-1;-1;-1;-1;;Northern Limestone Alps 8
11477;10684;impassable;-1;-1;-1;-1;-1;;Northern Limestone Alps 9
10680;10684;impassable;-1;-1;-1;-1;-1;;Northern Limestone Alps 10
10680;4117;impassable;-1;-1;-1;-1;-1;;Northern Limestone Alps 11

8484;15148;impassable;-1;-1;-1;-1;-1;;Ortler & Adamello-Presanella Alps 1
8484;15187;impassable;-1;-1;-1;-1;-1;;Ortler & Adamello-Presanella Alps 2
8484;20184;impassable;-1;-1;-1;-1;-1;;Ortler & Adamello-Presanella Alps 3
15234;20184;impassable;-1;-1;-1;-1;-1;;Ortler & Adamello-Presanella Alps 4
15234;20181;impassable;-1;-1;-1;-1;-1;;Ortler & Adamello-Presanella Alps 5
20180;20181;impassable;-1;-1;-1;-1;-1;;Ortler & Adamello-Presanella Alps 6
20180;15268;impassable;-1;-1;-1;-1;-1;;Ortler & Adamello-Presanella Alps 7
20180;5545;impassable;-1;-1;-1;-1;-1;;Bergamo Alps 1
20180;15283;impassable;-1;-1;-1;-1;-1;;Bergamo Alps 2
20179;15283;impassable;-1;-1;-1;-1;-1;;Bergamo Alps 3
20179;5174;impassable;-1;-1;-1;-1;-1;;Bergamo Alps 4
6602;5174;impassable;-1;-1;-1;-1;-1;;Bergamo Alps 5
6602;2732;impassable;-1;-1;-1;-1;-1;;Bergamo Alps 6
15224;2732;impassable;-1;-1;-1;-1;-1;;Bergamo Alps 7
15224;20172;impassable;-1;-1;-1;-1;-1;;Bergamo Alps 8
15254;20172;impassable;-1;-1;-1;-1;-1;;Bergamo Alps 9

15114;1313;impassable;-1;-1;-1;-1;-1;;Carnic Alps 1
10081;1313;impassable;-1;-1;-1;-1;-1;;Carnic Alps 2
15105;1313;impassable;-1;-1;-1;-1;-1;;Carnic Alps 3
15105;15158;impassable;-1;-1;-1;-1;-1;;Carnic Alps 4
15105;15159;impassable;-1;-1;-1;-1;-1;;Carnic Alps 5
15105;15161;impassable;-1;-1;-1;-1;-1;;Carnic Alps 6
15129;15161;impassable;-1;-1;-1;-1;-1;;Carnic Alps 7
15129;6782;impassable;-1;-1;-1;-1;-1;;Carnic Alps 8
15129;5540;impassable;-1;-1;-1;-1;-1;;Carnic Alps 9
15129;568;impassable;-1;-1;-1;-1;-1;;Carnic Alps 10

18453;18759;;-1;-1;-1;-1;-1;SUEZ_CANAL;Suez Canal

17787;18623;;-1;-1;-1;-1;-1;Bab-El-Mandeb;Bab El-Mandeb

18272;17649;;-1;-1;-1;-1;-1;Strait of Hormuz;Strait of Hormuz

3195;19709;sea;;-1;-1;-1;-1;;Bosphorus

18221;18484;sea;;-1;-1;-1;-1;BOSPHORUS_STRAIT;Bosphorus

18802;18416;sea;;-1;-1;-1;-1;DARDANELLES_STRAIT;Dardanelles

2598;9999;impassable;-1;-1;-1;-1;-1;;Eastern Desert Land 1
2598;9138;impassable;-1;-1;-1;-1;-1;;Eastern Desert Land 2
2598;10795;impassable;-1;-1;-1;-1;-1;;Eastern Desert Land 3
17013;10795;impassable;-1;-1;-1;-1;-1;;Eastern Desert Land 4
4373;10795;impassable;-1;-1;-1;-1;-1;;Eastern Desert Land 5
4373;2435;impassable;-1;-1;-1;-1;-1;;Eastern Desert Land 6
4373;537;impassable;-1;-1;-1;-1;-1;;Eastern Desert Land 7
5484;537;impassable;-1;-1;-1;-1;-1;;Eastern Desert Land 8
5484;4737;impassable;-1;-1;-1;-1;-1;;Eastern Desert Land 9
11464;4737;impassable;-1;-1;-1;-1;-1;;Eastern Desert Land 10
11464;731;impassable;-1;-1;-1;-1;-1;;Eastern Desert Land 11
10365;731;impassable;-1;-1;-1;-1;-1;;Eastern Desert Land 12
10365;3219;impassable;-1;-1;-1;-1;-1;;Eastern Desert Land 13
9835;3219;impassable;-1;-1;-1;-1;-1;;Eastern Desert Land 14
9835;17100;impassable;-1;-1;-1;-1;-1;;Eastern Desert Land 15
6166;17100;impassable;-1;-1;-1;-1;-1;;Eastern Desert Land 16
6166;6497;impassable;-1;-1;-1;-1;-1;;Eastern Desert Land 17
10306;6497;impassable;-1;-1;-1;-1;-1;;Eastern Desert Land 18
10306;1042;impassable;-1;-1;-1;-1;-1;;Eastern Desert Land 19
5171;1042;impassable;-1;-1;-1;-1;-1;;Eastern Desert Land 20
5171;10221;impassable;-1;-1;-1;-1;-1;;Eastern Desert Land 21

2598;19220;impassable;-1;-1;-1;-1;-1;;Eastern Desert Coast 1
16987;19220;impassable;-1;-1;-1;-1;-1;;Eastern Desert Coast 2
16987;17699;impassable;-1;-1;-1;-1;-1;;Eastern Desert Coast 3
4335;17699;impassable;-1;-1;-1;-1;-1;;Eastern Desert Coast 4
5437;17699;impassable;-1;-1;-1;-1;-1;;Eastern Desert Coast 5
5437;17835;impassable;-1;-1;-1;-1;-1;;Eastern Desert Coast 6
5508;17835;impassable;-1;-1;-1;-1;-1;;Eastern Desert Coast 7
17054;17835;impassable;-1;-1;-1;-1;-1;;Eastern Desert Coast 8
17054;18558;impassable;-1;-1;-1;-1;-1;;Eastern Desert Coast 9
1026;18558;impassable;-1;-1;-1;-1;-1;;Eastern Desert Coast 10
11401;18558;impassable;-1;-1;-1;-1;-1;;Eastern Desert Coast 11
11401;17460;impassable;-1;-1;-1;-1;-1;;Eastern Desert Coast 12
5171;17460;impassable;-1;-1;-1;-1;-1;;Eastern Desert Coast 13

3645;4766;impassable;-1;-1;-1;-1;-1;;Bir Tawil Land 1
3645;11124;impassable;-1;-1;-1;-1;-1;;Bir Tawil Land 2
7982;11124;impassable;-1;-1;-1;-1;-1;;Bir Tawil Land 3

7982;18197;impassable;-1;-1;-1;-1;-1;;Bir Tawil Coast 1
7982;17645;impassable;-1;-1;-1;-1;-1;;Bir Tawil Coast 2
3333;17645;impassable;-1;-1;-1;-1;-1;;Bir Tawil Coast 3

791;9129;sea;18784;-1;-1;-1;-1;;Kuwait Large Island 1
8851;2576;sea;17920;-1;-1;-1;-1;;Kuwait Large Island 2
68;17389;sea;17920;-1;-1;-1;-1;;Kuwait Small Island

10544;17339;sea;;-1;-1;-1;-1;TO MARMARA;TO MARMARA
17339;18309;impassable;-1;-1;-1;-1;-1;;Marmara Coast

7288;9753;sea;;-1;-1;-1;-1;TO BORNHOLM;TO BORNHOLM
9753;17490;impassable;-1;-1;-1;-1;-1;;Bornholm Coast 1
9753;17841;impassable;-1;-1;-1;-1;-1;;Bornholm Coast 2
9753;17459;impassable;-1;-1;-1;-1;-1;;Bornholm Coast 3
9753;19458;sea;;-1;-1;-1;-1;BORNHOLM-BERLIN;BORNHOLM-BERLIN

6434;17159;impassable;-1;-1;-1;-1;-1;;LBA Border 1
6434;7040;impassable;-1;-1;-1;-1;-1;;LBA Border 2
4371;7040;impassable;-1;-1;-1;-1;-1;;LBA Border 3
4371;1502;impassable;-1;-1;-1;-1;-1;;LBA Border 4
4371;887;impassable;-1;-1;-1;-1;-1;;LBA Border 5
17115;887;impassable;-1;-1;-1;-1;-1;;LBA Border 6
2875;887;impassable;-1;-1;-1;-1;-1;;LBA Border 7
17091;887;impassable;-1;-1;-1;-1;-1;;LBA Border 8
17091;17076;impassable;-1;-1;-1;-1;-1;;LBA Border 9
17091;5199;impassable;-1;-1;-1;-1;-1;;LBA Border 10
1500;5199;impassable;-1;-1;-1;-1;-1;;LBA Border 11
1500;490;impassable;-1;-1;-1;-1;-1;;LBA Border 12
1500;5788;impassable;-1;-1;-1;-1;-1;;LBA Border 13
4319;5788;impassable;-1;-1;-1;-1;-1;;LBA Border 14
11504;5788;impassable;-1;-1;-1;-1;-1;;LBA Border 15
11504;9667;impassable;-1;-1;-1;-1;-1;;LBA Border 16
11504;5086;impassable;-1;-1;-1;-1;-1;;LBA Border 17
10018;5086;impassable;-1;-1;-1;-1;-1;;LBA Border 18
10018;16968;impassable;-1;-1;-1;-1;-1;;LBA Border 19
1452;16968;impassable;-1;-1;-1;-1;-1;;LBA Border 20
1452;7702;impassable;-1;-1;-1;-1;-1;;LBA Border 21
1452;4476;impassable;-1;-1;-1;-1;-1;;LBA Border 22
16997;4476;impassable;-1;-1;-1;-1;-1;;LBA Border 23
9080;4476;impassable;-1;-1;-1;-1;-1;;LBA Border 24
9080;16983;impassable;-1;-1;-1;-1;-1;;LBA Border 25
920;16983;impassable;-1;-1;-1;-1;-1;;LBA Border 26
920;9277;impassable;-1;-1;-1;-1;-1;;LBA Border 27
6468;9277;impassable;-1;-1;-1;-1;-1;;LBA Border 28
6468;6085;impassable;-1;-1;-1;-1;-1;;LBA Border 29
3892;6085;impassable;-1;-1;-1;-1;-1;;LBA Border 30
3892;2793;impassable;-1;-1;-1;-1;-1;;LBA Border 31
3892;9909;impassable;-1;-1;-1;-1;-1;;LBA Border 32
1426;9909;impassable;-1;-1;-1;-1;-1;;LBA Border 33
1426;3800;impassable;-1;-1;-1;-1;-1;;LBA Border 34
3130;3800;impassable;-1;-1;-1;-1;-1;;LBA Border 35
3130;337;impassable;-1;-1;-1;-1;-1;;LBA Border 36
17018;337;impassable;-1;-1;-1;-1;-1;;LBA Border 37
17018;16980;impassable;-1;-1;-1;-1;-1;;LBA Border 38
6985;16980;impassable;-1;-1;-1;-1;-1;;LBA Border 39
6985;1664;impassable;-1;-1;-1;-1;-1;;LBA Border 39.5
17011;16980;impassable;-1;-1;-1;-1;-1;;LBA Border 40
17011;1664;impassable;-1;-1;-1;-1;-1;;LBA Border 41
1818;1664;impassable;-1;-1;-1;-1;-1;;LBA Border 42
1818;16974;impassable;-1;-1;-1;-1;-1;;LBA Border 43
1818;2327;impassable;-1;-1;-1;-1;-1;;LBA Border 44
16990;2327;impassable;-1;-1;-1;-1;-1;;LBA Border 45
16990;6236;impassable;-1;-1;-1;-1;-1;;LBA Border 46
8953;6236;impassable;-1;-1;-1;-1;-1;;LBA Border 47
8212;6236;impassable;-1;-1;-1;-1;-1;;LBA Border 48
8212;6848;impassable;-1;-1;-1;-1;-1;;LBA Border 49
1611;6848;impassable;-1;-1;-1;-1;-1;;LBA Border 50
1611;9537;impassable;-1;-1;-1;-1;-1;;LBA Border 51
1611;16939;impassable;-1;-1;-1;-1;-1;;LBA Border 52
789;16939;impassable;-1;-1;-1;-1;-1;;LBA Border 53
17010;16939;impassable;-1;-1;-1;-1;-1;;LBA Border 54
17010;11461;impassable;-1;-1;-1;-1;-1;;LBA Border 55
231;11461;impassable;-1;-1;-1;-1;-1;;LBA Border 56
231;8574;impassable;-1;-1;-1;-1;-1;;LBA Border 57
2154;8574;impassable;-1;-1;-1;-1;-1;;LBA Border 58
2154;9210;impassable;-1;-1;-1;-1;-1;;LBA Border 59
10960;9210;impassable;-1;-1;-1;-1;-1;;LBA Border 60
10960;4042;impassable;-1;-1;-1;-1;-1;;LBA Border 61
17075;4042;impassable;-1;-1;-1;-1;-1;;LBA Border 62
17075;7963;impassable;-1;-1;-1;-1;-1;;LBA Border 63
17099;7963;impassable;-1;-1;-1;-1;-1;;LBA Border 64
2495;7963;impassable;-1;-1;-1;-1;-1;;LBA Border 65
2495;9964;impassable;-1;-1;-1;-1;-1;;LBA Border 66
5785;9964;impassable;-1;-1;-1;-1;-1;;LBA Border 67
5785;8593;impassable;-1;-1;-1;-1;-1;;LBA Border 68
17108;8593;impassable;-1;-1;-1;-1;-1;;LBA Border 69
17108;8015;impassable;-1;-1;-1;-1;-1;;LBA Border 70
17108;17105;impassable;-1;-1;-1;-1;-1;;LBA Border 71
2628;17105;impassable;-1;-1;-1;-1;-1;;LBA Border 72
2628;10623;impassable;-1;-1;-1;-1;-1;;LBA Border 73
8001;10623;impassable;-1;-1;-1;-1;-1;;LBA Border 74
1821;10623;impassable;-1;-1;-1;-1;-1;;LBA Border 75
1821;6007;impassable;-1;-1;-1;-1;-1;;LBA Border 76
2657;6007;impassable;-1;-1;-1;-1;-1;;LBA Border 77
2657;4975;impassable;-1;-1;-1;-1;-1;;LBA Border 78
17104;4975;impassable;-1;-1;-1;-1;-1;;LBA Border 79
17104;285;impassable;-1;-1;-1;-1;-1;;LBA Border 80
17104;6867;impassable;-1;-1;-1;-1;-1;;LBA Border 81
3897;6867;impassable;-1;-1;-1;-1;-1;;LBA Border 82
3897;17072;impassable;-1;-1;-1;-1;-1;;LBA Border 83
3897;9572;impassable;-1;-1;-1;-1;-1;;LBA Border 84
6337;9572;impassable;-1;-1;-1;-1;-1;;LBA Border 85
6337;2586;impassable;-1;-1;-1;-1;-1;;LBA Border 86
3287;2586;impassable;-1;-1;-1;-1;-1;;LBA Border 87
3287;4646;impassable;-1;-1;-1;-1;-1;;LBA Border 88
9000;4646;impassable;-1;-1;-1;-1;-1;;LBA Border 89
9000;10918;impassable;-1;-1;-1;-1;-1;;LBA Border 90
2086;10918;impassable;-1;-1;-1;-1;-1;;LBA Border 91
2086;4022;impassable;-1;-1;-1;-1;-1;;LBA Border 92
2086;17033;impassable;-1;-1;-1;-1;-1;;LBA Border 93
1787;17033;impassable;-1;-1;-1;-1;-1;;LBA Border 94
3539;17033;impassable;-1;-1;-1;-1;-1;;LBA Border 95
3539;2627;impassable;-1;-1;-1;-1;-1;;LBA Border 96
3539;2118;impassable;-1;-1;-1;-1;-1;;LBA Border 97
9893;2118;impassable;-1;-1;-1;-1;-1;;LBA Border 98
9893;8189;impassable;-1;-1;-1;-1;-1;;LBA Border 99
2543;8189;impassable;-1;-1;-1;-1;-1;;LBA Border 100
2543;1594;impassable;-1;-1;-1;-1;-1;;LBA Border 101
5162;1594;impassable;-1;-1;-1;-1;-1;;LBA Border 102
5162;7984;impassable;-1;-1;-1;-1;-1;;LBA Border 103
16975;7984;impassable;-1;-1;-1;-1;-1;;LBA Border 104
16975;1144;impassable;-1;-1;-1;-1;-1;;LBA Border 105
9290;1144;impassable;-1;-1;-1;-1;-1;;LBA Border 106
9290;5170;impassable;-1;-1;-1;-1;-1;;LBA Border 107
4327;5170;impassable;-1;-1;-1;-1;-1;;LBA Border 108
5131;5170;impassable;-1;-1;-1;-1;-1;;LBA Border 109
5131;6570;impassable;-1;-1;-1;-1;-1;;LBA Border 110

5599;5269;impassable;-1;-1;-1;-1;-1;;JBS Border 1
16654;5269;impassable;-1;-1;-1;-1;-1;;JBS Border 2
6365;5269;impassable;-1;-1;-1;-1;-1;;JBS Border 3
6365;1070;impassable;-1;-1;-1;-1;-1;;JBS Border 4
6365;16590;impassable;-1;-1;-1;-1;-1;;JBS Border 5
8247;16590;impassable;-1;-1;-1;-1;-1;;JBS Border 6
8247;16579;impassable;-1;-1;-1;-1;-1;;JBS Border 7
8247;16560;impassable;-1;-1;-1;-1;-1;;JBS Border 8
16572;16560;impassable;-1;-1;-1;-1;-1;;JBS Border 9
16572;5722;impassable;-1;-1;-1;-1;-1;;JBS Border 10
16572;5563;impassable;-1;-1;-1;-1;-1;;JBS Border 11
11241;5563;impassable;-1;-1;-1;-1;-1;;JBS Border 12
11241;16549;impassable;-1;-1;-1;-1;-1;;JBS Border 13
9467;16549;impassable;-1;-1;-1;-1;-1;;JBS Border 14
16546;16549;impassable;-1;-1;-1;-1;-1;;JBS Border 15
16546;8964;impassable;-1;-1;-1;-1;-1;;JBS Border 16
16546;1375;impassable;-1;-1;-1;-1;-1;;JBS Border 17
16546;4438;impassable;-1;-1;-1;-1;-1;;JBS Border 18
16546;9976;impassable;-1;-1;-1;-1;-1;;JBS Border 19
1843;9976;impassable;-1;-1;-1;-1;-1;;JBS Border 20
1843;1194;impassable;-1;-1;-1;-1;-1;;JBS Border 21
16571;1194;impassable;-1;-1;-1;-1;-1;;JBS Border 22
16571;16540;impassable;-1;-1;-1;-1;-1;;JBS Border 23
16565;16540;impassable;-1;-1;-1;-1;-1;;JBS Border 24
16565;1307;impassable;-1;-1;-1;-1;-1;;JBS Border 25
2100;1307;impassable;-1;-1;-1;-1;-1;;JBS Border 26
2100;7845;impassable;-1;-1;-1;-1;-1;;JBS Border 27
10189;7845;impassable;-1;-1;-1;-1;-1;;JBS Border 28
10189;16464;impassable;-1;-1;-1;-1;-1;;JBS Border 29
153;16464;impassable;-1;-1;-1;-1;-1;;JBS Border 30
153;7486;impassable;-1;-1;-1;-1;-1;;JBS Border 31
153;222;impassable;-1;-1;-1;-1;-1;;JBS Border 32
16435;222;impassable;-1;-1;-1;-1;-1;;JBS Border 33
16435;5339;impassable;-1;-1;-1;-1;-1;;JBS Border 34
6675;5339;impassable;-1;-1;-1;-1;-1;;JBS Border 35
6675;16347;impassable;-1;-1;-1;-1;-1;;JBS Border 36
189;16347;impassable;-1;-1;-1;-1;-1;;JBS Border 37
189;3939;impassable;-1;-1;-1;-1;-1;;JBS Border 38
7662;3939;impassable;-1;-1;-1;-1;-1;;JBS Border 39
7662;2301;impassable;-1;-1;-1;-1;-1;;JBS Border 40
4455;2301;impassable;-1;-1;-1;-1;-1;;JBS Border 41
4455;16271;impassable;-1;-1;-1;-1;-1;;JBS Border 42
4455;16305;impassable;-1;-1;-1;-1;-1;;JBS Border 43
6414;16305;impassable;-1;-1;-1;-1;-1;;JBS Border 44
6414;2949;impassable;-1;-1;-1;-1;-1;;JBS Border 45
6414;16327;impassable;-1;-1;-1;-1;-1;;JBS Border 46
4654;16327;impassable;-1;-1;-1;-1;-1;;JBS Border 47
4654;10418;impassable;-1;-1;-1;-1;-1;;JBS Border 48
4654;11581;impassable;-1;-1;-1;-1;-1;;JBS Border 49
5600;11581;impassable;-1;-1;-1;-1;-1;;JBS Border 50
2236;11581;impassable;-1;-1;-1;-1;-1;;JBS Border 51
2236;16398;impassable;-1;-1;-1;-1;-1;;JBS Border 52
2236;16432;impassable;-1;-1;-1;-1;-1;;JBS Border 53
10372;16432;impassable;-1;-1;-1;-1;-1;;JBS Border 54
10372;6429;impassable;-1;-1;-1;-1;-1;;JBS Border 55
2325;6429;impassable;-1;-1;-1;-1;-1;;JBS Border 56
2325;9862;impassable;-1;-1;-1;-1;-1;;JBS Border 57
3115;9862;impassable;-1;-1;-1;-1;-1;;JBS Border 58
10711;9862;impassable;-1;-1;-1;-1;-1;;JBS Border 59
10711;16536;impassable;-1;-1;-1;-1;-1;;JBS Border 60
9228;16536;impassable;-1;-1;-1;-1;-1;;JBS Border 61
9228;7916;impassable;-1;-1;-1;-1;-1;;JBS Border 62
16580;7916;impassable;-1;-1;-1;-1;-1;;JBS Border 63
16580;3377;impassable;-1;-1;-1;-1;-1;;JBS Border 64
8949;3377;impassable;-1;-1;-1;-1;-1;;JBS Border 65
8949;2229;impassable;-1;-1;-1;-1;-1;;JBS Border 66
8949;16636;impassable;-1;-1;-1;-1;-1;;JBS Border 67
8626;16636;impassable;-1;-1;-1;-1;-1;;JBS Border 68
3507;16636;impassable;-1;-1;-1;-1;-1;;JBS Border 69
3507;1558;impassable;-1;-1;-1;-1;-1;;JBS Border 70
3507;11602;impassable;-1;-1;-1;-1;-1;;JBS Border 71
16672;11602;impassable;-1;-1;-1;-1;-1;;JBS Border 72
226;11602;impassable;-1;-1;-1;-1;-1;;JBS Border 73
226;2761;impassable;-1;-1;-1;-1;-1;;JBS Border 74
226;6833;impassable;-1;-1;-1;-1;-1;;JBS Border 75
226;9773;impassable;-1;-1;-1;-1;-1;;JBS Border 76
10828;9773;impassable;-1;-1;-1;-1;-1;;JBS Border 77
2509;9773;impassable;-1;-1;-1;-1;-1;;JBS Border 78
2509;6407;impassable;-1;-1;-1;-1;-1;;JBS Border 79
4914;6407;impassable;-1;-1;-1;-1;-1;;JBS Border 80
4914;16751;impassable;-1;-1;-1;-1;-1;;JBS Border 81
9847;16751;impassable;-1;-1;-1;-1;-1;;JBS Border 82
9847;1985;impassable;-1;-1;-1;-1;-1;;JBS Border 83
10024;1985;impassable;-1;-1;-1;-1;-1;;JBS Border 84
10024;11615;impassable;-1;-1;-1;-1;-1;;JBS Border 85
2868;11615;impassable;-1;-1;-1;-1;-1;;JBS Border 86
2868;4876;impassable;-1;-1;-1;-1;-1;;JBS Border 87
5636;4876;impassable;-1;-1;-1;-1;-1;;JBS Border 88
16807;4876;impassable;-1;-1;-1;-1;-1;;JBS Border 89
16807;8657;impassable;-1;-1;-1;-1;-1;;JBS Border 90
8203;8657;impassable;-1;-1;-1;-1;-1;;JBS Border 91
8203;16817;impassable;-1;-1;-1;-1;-1;;JBS Border 92
513;16817;impassable;-1;-1;-1;-1;-1;;JBS Border 93
513;5206;impassable;-1;-1;-1;-1;-1;;JBS Border 94
4681;5206;impassable;-1;-1;-1;-1;-1;;JBS Border 95
4681;16845;impassable;-1;-1;-1;-1;-1;;JBS Border 96
8817;16845;impassable;-1;-1;-1;-1;-1;;JBS Border 97
16868;16845;impassable;-1;-1;-1;-1;-1;;JBS Border 98
16868;10659;impassable;-1;-1;-1;-1;-1;;JBS Border 99
16868;3078;impassable;-1;-1;-1;-1;-1;;JBS Border 100
16871;3078;impassable;-1;-1;-1;-1;-1;;JBS Border 101
16883;3078;impassable;-1;-1;-1;-1;-1;;JBS Border 102
16883;1881;impassable;-1;-1;-1;-1;-1;;JBS Border 103
427;1881;impassable;-1;-1;-1;-1;-1;;JBS Border 104
427;10655;impassable;-1;-1;-1;-1;-1;;JBS Border 105
16942;10655;impassable;-1;-1;-1;-1;-1;;JBS Border 106
16942;16970;impassable;-1;-1;-1;-1;-1;;JBS Border 107
16942;16972;impassable;-1;-1;-1;-1;-1;;JBS Border 108
2789;16972;impassable;-1;-1;-1;-1;-1;;JBS Border 109
2789;16989;impassable;-1;-1;-1;-1;-1;;JBS Border 110
6274;16989;impassable;-1;-1;-1;-1;-1;;JBS Border 111
6274;3064;impassable;-1;-1;-1;-1;-1;;JBS Border 112
6274;7747;impassable;-1;-1;-1;-1;-1;;JBS Border 113
91;7747;impassable;-1;-1;-1;-1;-1;;JBS Border 114
6609;7747;impassable;-1;-1;-1;-1;-1;;JBS Border 115
6609;1113;impassable;-1;-1;-1;-1;-1;;JBS Border 116
4418;1113;impassable;-1;-1;-1;-1;-1;;JBS Border 117
7081;1113;impassable;-1;-1;-1;-1;-1;;JBS Border 118
7081;2315;impassable;-1;-1;-1;-1;-1;;JBS Border 119
7081;8661;impassable;-1;-1;-1;-1;-1;;JBS Border 120
185;8661;impassable;-1;-1;-1;-1;-1;;JBS Border 121
402;8661;impassable;-1;-1;-1;-1;-1;;JBS Border 122
402;5433;impassable;-1;-1;-1;-1;-1;;JBS Border 123
402;10388;impassable;-1;-1;-1;-1;-1;;JBS Border 124
402;4726;impassable;-1;-1;-1;-1;-1;;JBS Border 125
7393;4726;impassable;-1;-1;-1;-1;-1;;JBS Border 126
7393;947;impassable;-1;-1;-1;-1;-1;;JBS Border 127

7694;8587;sea;;-1;-1;-1;-1;UK-Italy Trade Route;UK-Italy Trade Route
19064;20291;sea;;-1;-1;-1;-1;USA-Italy Trade Route;USA-Italy Trade Route
5290;10493;sea;;-1;-1;-1;-1;UK-Greece Trade Route;UK-Greece Trade Route
17844;16595;sea;;-1;-1;-1;-1;USA-Greece Trade Route;USA-Greece Trade Route
17538;621;sea;;-1;-1;-1;-1;USA-Romania Trade Route;USA-Romania Trade Route

4120;19436;sea;;-1;-1;-1;-1;TO LONDON;TO LONDON
9946;19852;sea;;-1;-1;-1;-1;TO BORDEAUX;TO BORDEAUX

18677;19002;;-1;-1;-1;-1;-1;Gulf of Finland;Gulf of Finland
17795;18592;;-1;-1;-1;-1;-1;Kattegat;Kattegat
19108;18731;;-1;-1;-1;-1;-1;Kiel Canal;Kiel Canal

2187;9569;impassable;-1;-1;-1;-1;-1;;Curonian Spit
40;9842;impassable;-1;-1;-1;-1;-1;;Vistula Spit

13202;8653;sea;17945;-1;-1;-1;-1;;Oresund

11690;11685;impassable;-1;-1;-1;-1;-1;;Sweden-Finland Border 1
11690;2708;impassable;-1;-1;-1;-1;-1;;Sweden-Finland Border 2
276;2708;impassable;-1;-1;-1;-1;-1;;Sweden-Finland Border 3
11719;2708;impassable;-1;-1;-1;-1;-1;;Sweden-Finland Border 4
11719;3814;impassable;-1;-1;-1;-1;-1;;Sweden-Finland Border 5
11727;3814;impassable;-1;-1;-1;-1;-1;;Sweden-Finland Border 6
11727;11714;impassable;-1;-1;-1;-1;-1;;Sweden-Finland Border 7
11727;7346;impassable;-1;-1;-1;-1;-1;;Sweden-Finland Border 8
6903;7346;impassable;-1;-1;-1;-1;-1;;Sweden-Finland Border 9
11742;7346;impassable;-1;-1;-1;-1;-1;;Sweden-Finland Border 10
11742;11728;impassable;-1;-1;-1;-1;-1;;Sweden-Finland Border 11
11742;4055;impassable;-1;-1;-1;-1;-1;;Sweden-Finland Border 12
11742;7354;impassable;-1;-1;-1;-1;-1;;Sweden-Finland Border 13
4906;7354;impassable;-1;-1;-1;-1;-1;;Sweden-Finland Border 14
4906;11761;impassable;-1;-1;-1;-1;-1;;Sweden-Finland Border 15
11780;11761;impassable;-1;-1;-1;-1;-1;;Sweden-Finland Border 16
11780;6768;impassable;-1;-1;-1;-1;-1;;Sweden-Finland Border 17
3961;6768;impassable;-1;-1;-1;-1;-1;;Sweden-Finland Border 18
3961;11800;impassable;-1;-1;-1;-1;-1;;Sweden-Finland Border 19
3961;11816;impassable;-1;-1;-1;-1;-1;;Sweden-Finland Border 20
66;11816;impassable;-1;-1;-1;-1;-1;;Sweden-Finland Border 21
66;11831;impassable;-1;-1;-1;-1;-1;;Sweden-Finland Border 22
66;11850;impassable;-1;-1;-1;-1;-1;;Sweden-Finland Border 23
9858;11850;impassable;-1;-1;-1;-1;-1;;Sweden-Finland Border 24
9858;4862;impassable;-1;-1;-1;-1;-1;;Sweden-Finland Border 25
11884;4862;impassable;-1;-1;-1;-1;-1;;Sweden-Finland Border 26
11884;1098;impassable;-1;-1;-1;-1;-1;;Sweden-Finland Border 27
11884;7589;impassable;-1;-1;-1;-1;-1;;Sweden-Finland Border 28
3991;7589;impassable;-1;-1;-1;-1;-1;;Sweden-Finland Border 29
11907;7589;impassable;-1;-1;-1;-1;-1;;Sweden-Finland Border 30
11907;10362;impassable;-1;-1;-1;-1;-1;;Sweden-Finland Border 31
11950;10362;impassable;-1;-1;-1;-1;-1;;Sweden-Finland Border 32
3068;10362;impassable;-1;-1;-1;-1;-1;;Sweden-Finland Border 33
1130;10362;impassable;-1;-1;-1;-1;-1;;Sweden-Finland Border 34
1130;10343;impassable;-1;-1;-1;-1;-1;;Sweden-Finland Border 35
1130;11999;impassable;-1;-1;-1;-1;-1;;Sweden-Finland Border 36
12017;11999;impassable;-1;-1;-1;-1;-1;;Sweden-Finland Border 37

17285;17313;sea;;-1;-1;-1;-1;TO GUERNSEY;Man-Guernsey
17285;17739;impassable;-1;-1;-1;-1;-1;;Isle of Man Coast 1
17285;18825;impassable;-1;-1;-1;-1;-1;;Isle of Man Coast 2

17406;16733;sea;18532;-1;-1;-1;-1;;West Malta-East Malta
17313;17314;sea;18573;-1;-1;-1;-1;;North Anglo Island to South Anglo Island
18468;18742;;-1;-1;-1;-1;-1;GIBRALTAR_STRAIT;Gibraltar to North Africa
5036;19458;sea;;-1;-1;-1;-1;Rügen-Berlin;Rügen-Berlin
5036;19104;impassable;-1;-1;-1;-1;-1;;Rügen Coast 1
5036;18420;impassable;-1;-1;-1;-1;-1;;Rügen Coast 2
8127;19104;impassable;-1;-1;-1;-1;-1;;Rügen Coast 3
8127;18420;impassable;-1;-1;-1;-1;-1;;Rügen Coast 4
11499;13484;sea;17810;-1;-1;-1;-1;;Fehmarn Crossing 1

1533;3499;sea;18420;-1;-1;-1;-1;;Usdom-Wollin Crossing

11484;17305;sea;18295;-1;-1;-1;-1;;Dutch Island Chain 1
17305;17304;sea;18295;-1;-1;-1;-1;;Dutch Island Chain 2
17304;17303;sea;18295;-1;-1;-1;-1;;Dutch Island Chain 3
17303;17302;sea;18295;-1;-1;-1;-1;;Dutch Island Chain 4
17302;17301;sea;18527;-1;-1;-1;-1;;Dutch Island Chain 5
17301;17299;sea;18527;-1;-1;-1;-1;;Dutch Island Chain 6
16502;17367;sea;18616;-1;-1;-1;-1;;South Aegean Islands 1
17367;17368;sea;18616;-1;-1;-1;-1;;South Aegean Islands 2
17368;17376;sea;17498;-1;-1;-1;-1;;South Aegean Islands 3
17376;17383;sea;17498;-1;-1;-1;-1;;South Aegean Islands 4
17383;17388;sea;17498;-1;-1;-1;-1;;South Aegean Islands 5
17388;17394;sea;18007;-1;-1;-1;-1;;South Aegean Islands 6
17394;17397;sea;18007;-1;-1;-1;-1;;South Aegean Islands 7
17388;17398;sea;18007;-1;-1;-1;-1;;South Aegean Islands 8
17398;17395;sea;18007;-1;-1;-1;-1;;South Aegean Islands 9
17395;17392;sea;18007;-1;-1;-1;-1;;South Aegean Islands 10
17392;17399;sea;18200;-1;-1;-1;-1;;South Aegean Islands 11
17399;17400;sea;18808;-1;-1;-1;-1;;South Aegean Islands 12
9397;8808;sea;18967;-1;-1;-1;-1;;South Aegean Islands 13
16488;17365;sea;18967;-1;-1;-1;-1;;South Aegean Islands 14
17365;17370;sea;18967;-1;-1;-1;-1;;South Aegean Islands 15
17370;17379;sea;18200;-1;-1;-1;-1;;South Aegean Islands 16
17379;17380;sea;18200;-1;-1;-1;-1;;South Aegean Islands 17
17380;17385;sea;18007;-1;-1;-1;-1;;South Aegean Islands 18
17379;17384;sea;18200;-1;-1;-1;-1;;South Aegean Islands 19
17379;17392;sea;18200;-1;-1;-1;-1;;South Aegean Islands 20
17365;17373;sea;18967;-1;-1;-1;-1;;South Aegean Islands 21
17403;17401;sea;17694;-1;-1;-1;-1;;Dodecanese islands 1
17401;3526;sea;18961;-1;-1;-1;-1;;Dodecanese islands 2
11024;16539;sea;18895;-1;-1;-1;-1;;Dodecanese islands 3
17396;3526;sea;18895;-1;-1;-1;-1;;Dodecanese islands 4
17390;17396;sea;19178;-1;-1;-1;-1;;Dodecanese islands 5
17387;17390;sea;19178;-1;-1;-1;-1;;Dodecanese islands 6
17387;6613;sea;19178;-1;-1;-1;-1;;Dodecanese islands 10
17375;6613;sea;17640;-1;-1;-1;-1;;Dodecanese islands 11
17371;17375;sea;17640;-1;-1;-1;-1;;Dodecanese islands 13
17393;17391;sea;17666;-1;-1;-1;-1;;Dodecanese islands 14
9750;4926;sea;18802;-1;-1;-1;-1;;Izmit Edrine Bursa
9767;7177;sea;17567;-1;-1;-1;-1;;Izmit Aegean Islands 1
17351;16349;sea;18870;-1;-1;-1;-1;;Izmit Aegean Islands 3
17344;5483;sea;18652;-1;-1;-1;-1;;Izmit Aegean Islands 4
17344;16151;sea;18652;-1;-1;-1;-1;;Izmit Aegean Islands 5
17341;16113;sea;17510;-1;-1;-1;-1;;Izmit Aegean Islands 6
3718;17341;sea;17510;-1;-1;-1;-1;;Izmit Aegean Islands 7
8900;3718;sea;18459;-1;-1;-1;-1;;Izmit Aegean Islands 8
11192;3718;sea;18459;-1;-1;-1;-1;;Izmit Aegean Islands 9
17345;8900;sea;18318;-1;-1;-1;-1;;Izmit Aegean Islands 10
17339;3714;sea;18309;-1;-1;-1;-1;;Izmit Edrine Bursa 2
11346;11368;sea;18766;-1;-1;-1;-1;;Thrace to Island
4007;17316;sea;18578;-1;-1;-1;-1;;Zaporizka to small island
17358;17353;sea;17431;-1;-1;-1;-1;;Baleares Islands 1
17353;10335;sea;18065;-1;-1;-1;-1;;Baleares Islands 2
16402;17354;sea;18879;-1;-1;-1;-1;;Baleares Islands 3
11445;9365;sea;17602;-1;-1;-1;-1;;Baleares Islands 4
16455;17359;sea;19007;-1;-1;-1;-1;;Sardina to small islands 1
17357;17359;sea;19007;-1;-1;-1;-1;;Sardina to small islands 2
17357;16455;sea;19007;-1;-1;-1;-1;;Sardina to small islands 3
1404;17342;sea;19162;-1;-1;-1;-1;;Sardina to small islands 4
9945;17340;sea;17750;-1;-1;-1;-1;;Sardina to small islands 5
13242;13266;sea;17932;-1;-1;-1;-1;;Jutland to Sjaelland
8158;17283;sea;18615;-1;-1;-1;-1;;West Sjaelland to north small island
3413;17289;sea;18731;-1;-1;-1;-1;;West Sjaelland to south small island 1
17289;7588;sea;18731;-1;-1;-1;-1;;Denmark South small island to south small island 2
7588;9442;sea;18731;-1;-1;-1;-1;;Denmark South small island to south small island 3
9974;17287;sea;19104;-1;-1;-1;-1;;Denmark South small island to south small island 4
9974;13312;sea;18615;-1;-1;-1;-1;;Denmark South small island to south small island 5
9974;13312;sea;18615;-1;-1;-1;-1;;Denmark South small island to south small island 6
2709;13301;sea;18615;-1;-1;-1;-1;;West Sjaelland to East Sjaelland
12989;17279;sea;18592;-1;-1;-1;-1;;Jutland to North East Jutland
16491;17363;sea;18616;-1;-1;-1;-1;;Athens to South West Island 1
1699;17363;sea;18616;-1;-1;-1;-1;;Athens to South West Island 2
17363;17369;sea;18616;-1;-1;-1;-1;;Athens to South West Island 3
17369;16552;sea;17498;-1;-1;-1;-1;;South West Island 4 to Peloponnese
16552;17381;sea;18361;-1;-1;-1;-1;;East Peloponnese to East small islands 1
16552;17386;sea;18361;-1;-1;-1;-1;;East Peloponnese to East small islands 2
11178;17402;sea;18683;-1;-1;-1;-1;;South Peloponnese to South Island
11528;1047;sea;18896;-1;-1;-1;-1;;West Peloponnese to West Island 2
11528;17362;sea;18530;-1;-1;-1;-1;;West Peloponnese to West Island 3
11528;4705;sea;18530;-1;-1;-1;-1;;West Peloponnese to West Island 4
4705;17362;sea;18530;-1;-1;-1;-1;;West Peloponnese to West Island 5
17356;10;sea;18530;-1;-1;-1;-1;;West Island 6 to Thessaly
16311;8872;sea;17497;-1;-1;-1;-1;;Corfu to Epirus
6508;10615;sea;18947;-1;-1;-1;-1;;Corfu to Albania
17336;15784;sea;18863;-1;-1;-1;-1;;Dalmatia to South Islands
17336;17337;sea;19155;-1;-1;-1;-1;;Dalmatia Islands 1 to 2
17337;15784;sea;19155;-1;-1;-1;-1;;Dalmatia Islands 2 to 3
17334;17337;sea;19155;-1;-1;-1;-1;;Dalmatia Islands 4 to 5
17334;17333;sea;19155;-1;-1;-1;-1;;Dalmatia Islands 4 to 6
17333;17332;sea;18487;-1;-1;-1;-1;;Dalmatia Islands 6 to 7
17332;4664;sea;18487;-1;-1;-1;-1;;Dalmatia Islands 7 to Dalmatia
15679;17331;sea;18487;-1;-1;-1;-1;;Dalmatia Islands 8 to Dalmatia 2
17332;17331;sea;18487;-1;-1;-1;-1;;Dalmatia Islands 8 to Dalmatia 9
16309;17349;sea;19170;-1;-1;-1;-1;;Thessaly to West Islands 1
17349;17348;sea;19170;-1;-1;-1;-1;;Thessaly to West Islands 2
17348;17347;sea;18367;-1;-1;-1;-1;;Thessaly to West Islands 3
17347;17346;sea;18367;-1;-1;-1;-1;;Thessaly to West Islands 4
16416;17350;sea;17530;-1;-1;-1;-1;;Athens to West Island
17323;17326;sea;18427;-1;-1;-1;-1;;Istria to small island 2
17326;17327;sea;18427;-1;-1;-1;-1;;Istria to small island 3
17327;17325;sea;18427;-1;-1;-1;-1;;Istria to small island 4
17323;17324;sea;18427;-1;-1;-1;-1;;Istria to small island 5
17324;11633;sea;18427;-1;-1;-1;-1;;small island 5 to dalamatia
17328;17330;sea;18250;-1;-1;-1;-1;;Dalmatia to small island 1
17330;9955;sea;18250;-1;-1;-1;-1;;Dalmatia to small island 2
17328;17329;sea;18250;-1;-1;-1;-1;;Dalmatia to small island 3
17329;7018;sea;18427;-1;-1;-1;-1;;Dalmatia to small island 4
17325;20122;sea;18427;-1;-1;-1;-1;;Dalmatia to small island 5
17325;11633;sea;18427;-1;-1;-1;-1;;Dalmatia to small island 6
5804;17377;sea;17625;-1;-1;-1;-1;;Sicily to North Island 1
17377;17374;sea;17625;-1;-1;-1;-1;;Sicily to North Island 2
17374;17372;sea;17625;-1;-1;-1;-1;;Sicily to North Island 3
17372;17364;sea;18737;-1;-1;-1;-1;;Sicily to North Island 4
5613;17343;sea;17921;-1;-1;-1;-1;;Campania to Small island
17338;9577;sea;19023;-1;-1;-1;-1;;Tuscany to South Small island
9924;7481;sea;18425;-1;-1;-1;-1;;Tuscany to Small Island
9924;17335;sea;17907;-1;-1;-1;-1;;Tuscany Small island to north
16860;17411;sea;17706;-1;-1;-1;-1;;Gabes to South Island 1
16849;17411;sea;17706;-1;-1;-1;-1;;Gabes to South Island 2
2977;17410;sea;17706;-1;-1;-1;-1;;Tunisia to Island 1
17410;17409;sea;17706;-1;-1;-1;-1;;Tunisia to Island 2
5476;14116;sea;18996;-1;-1;-1;-1;;South England Island
17319;3383;sea;17834;-1;-1;-1;-1;;Brittany to small island
17320;20120;sea;17790;-1;-1;-1;-1;;Poitou north
17322;15179;sea;18369;-1;-1;-1;-1;;Poitou south 1
17322;17321;sea;18369;-1;-1;-1;-1;;Poitou south 2
17321;19540;sea;18369;-1;-1;-1;-1;;Poitou south 3
12739;17268;sea;17874;-1;-1;-1;-1;;West Norway to Small island
13049;17282;sea;18925;-1;-1;-1;-1;;Scottish Islands 1
7072;17282;sea;18925;-1;-1;-1;-1;;Scottish Islands 2
7072;6972;sea;18140;-1;-1;-1;-1;;Scottish Islands 3
17280;6972;sea;17626;-1;-1;-1;-1;;Scottish Islands 4
7771;12968;sea;19021;-1;-1;-1;-1;;Scottish Islands 5
17277;12968;sea;19021;-1;-1;-1;-1;;Scottish Islands 6
17277;17278;sea;19021;-1;-1;-1;-1;;Scottish Islands 7
3385;17277;sea;19021;-1;-1;-1;-1;;Scottish Islands 8
612;17276;sea;19021;-1;-1;-1;-1;;Scottish Islands 9
17272;8044;sea;18576;-1;-1;-1;-1;;Scottish Islands 10
17274;17272;sea;18143;-1;-1;-1;-1;;Scottish Islands 11
10371;10517;sea;18576;-1;-1;-1;-1;;Scottish Islands 12
17270;10517;sea;18576;-1;-1;-1;-1;;Scottish Islands 13
17272;17270;sea;18576;-1;-1;-1;-1;;Scottish Islands 14
10371;17273;sea;18576;-1;-1;-1;-1;;Scottish Islands 15
2140;17258;sea;17954;-1;-1;-1;-1;;North Scottish Islands 1
2140;17259;sea;17954;-1;-1;-1;-1;;North Scottish Islands 2
17258;9575;sea;17954;-1;-1;-1;-1;;North Scottish Islands 3
17259;9575;sea;17954;-1;-1;-1;-1;;North Scottish Islands 4
9575;17250;sea;19079;-1;-1;-1;-1;;North Scottish Islands 5
9575;17253;sea;19006;-1;-1;-1;-1;;North Scottish Islands 6
9575;17256;sea;19006;-1;-1;-1;-1;;North Scottish Islands 7
17253;17252;sea;19006;-1;-1;-1;-1;;North Scottish Islands 8
17252;8434;sea;19006;-1;-1;-1;-1;;North Scottish Islands 9
8434;17226;sea;19068;-1;-1;-1;-1;;North Scottish Islands 10
17226;17224;sea;19068;-1;-1;-1;-1;;North Scottish Islands 11
17226;17228;sea;18068;-1;-1;-1;-1;;North Scottish Islands 12
17224;17228;sea;18068;-1;-1;-1;-1;;North Scottish Islands 13
17216;17215;sea;18585;-1;-1;-1;-1;;Faroe Islands 1
17215;9084;sea;18760;-1;-1;-1;-1;;Faroe Islands 2
9084;17210;sea;17577;-1;-1;-1;-1;;Faroe Islands 3
9963;5122;sea;18515;-1;-1;-1;-1;;Sweden to south small island
12736;17265;sea;18724;-1;-1;-1;-1;;Sweden to East small island 1
17265;17266;sea;18724;-1;-1;-1;-1;;Sweden to East small island 2
12736;17261;sea;18724;-1;-1;-1;-1;;Sweden to East small island 3
4192;17275;sea;17795;-1;-1;-1;-1;;Sweden to West Small island 1
12669;17255;sea;17997;-1;-1;-1;-1;;Sweden to West Small island 2
1384;17251;sea;17997;-1;-1;-1;-1;;Sweden to West Small island 3
151;17244;sea;19075;-1;-1;-1;-1;;Sweden to West Small island 4
-1;-1;-1;-1;-1;-1;-1;-1;-1